[
{
  "model": "tenants.tenant",
  "pk": 1,
  "fields": {
    "name": "Demo Clinic",
    "slug": "demo",
    "address": "",
    "contact": "",
    "logo": "",
    "domain": "demo.localhost",
    "jurisdiction": null,
    "subscription_plan": "free",
    "subscription_status": "approved",
    "status": "active",
    "created_at": "2026-06-25T08:56:29.422Z",
    "updated_at": "2026-06-25T08:56:29.422Z"
  }
},
{
  "model": "tenants.tenant",
  "pk": 2,
  "fields": {
    "name": "Test",
    "slug": "testing",
    "address": "Test zone1",
    "contact": "08011111111",
    "logo": "",
    "domain": "",
    "jurisdiction": null,
    "subscription_plan": "free",
    "subscription_status": "approved",
    "status": "active",
    "created_at": "2026-06-25T13:21:26.400Z",
    "updated_at": "2026-06-25T13:21:26.400Z"
  }
},
{
  "model": "tenants.tenant",
  "pk": 4,
  "fields": {
    "name": "Demo Clinic",
    "slug": "demo-clinic",
    "address": "",
    "contact": "",
    "logo": "",
    "domain": "",
    "jurisdiction": 3,
    "subscription_plan": "free",
    "subscription_status": "approved",
    "status": "active",
    "created_at": "2026-06-26T08:59:47.424Z",
    "updated_at": "2026-06-26T09:05:50.333Z"
  }
},
{
  "model": "tenants.tenant",
  "pk": 5,
  "fields": {
    "name": "cottage Ibi",
    "slug": "cottage-ibi",
    "address": "IBI",
    "contact": "08080808080",
    "logo": "",
    "domain": "",
    "jurisdiction": 762,
    "subscription_plan": "free",
    "subscription_status": "approved",
    "status": "active",
    "created_at": "2026-06-27T05:48:40.006Z",
    "updated_at": "2026-06-27T07:36:57.844Z"
  }
},
{
  "model": "accounts.user",
  "pk": 1,
  "fields": {
    "password": "pbkdf2_sha256$870000$MvGraIogOmKGxdoMupY6ON$YLzB3BG9cUumYWu5Fl1gqwrdya/Z3mAX1q2zweHz/SE=",
    "last_login": "2026-06-26T16:15:44Z",
    "is_superuser": true,
    "first_name": "",
    "last_name": "",
    "email": "super@demo.localhost",
    "is_staff": true,
    "is_active": true,
    "date_joined": "2026-06-25T08:56:29Z",
    "username": "superuser",
    "phone": "08032194090",
    "tenant": null,
    "role": "super_admin",
    "groups": [],
    "user_permissions": []
  }
},
{
  "model": "accounts.user",
  "pk": 2,
  "fields": {
    "password": "pbkdf2_sha256$870000$A1grgzMWzCQJHFOADGVOfU$FEE6ElEy1ZgYtA4S/x/jnh5R+5VCUJyuvdB6klWcxKA=",
    "last_login": null,
    "is_superuser": false,
    "first_name": "",
    "last_name": "",
    "email": "tenant_admin@demo.localhost",
    "is_staff": false,
    "is_active": true,
    "date_joined": "2026-06-25T08:56:29.938Z",
    "username": "tenant_admin",
    "phone": "+2348000000001",
    "tenant": 1,
    "role": "tenant_admin",
    "groups": [],
    "user_permissions": []
  }
},
{
  "model": "accounts.user",
  "pk": 3,
  "fields": {
    "password": "pbkdf2_sha256$870000$4mHBb05Sebzef9vIVLjcg1$p2YskqgwNo8IoC3MgTEvZaz4ub1Q9GGx36m978jNFDA=",
    "last_login": null,
    "is_superuser": false,
    "first_name": "",
    "last_name": "",
    "email": "doctor@demo.localhost",
    "is_staff": false,
    "is_active": true,
    "date_joined": "2026-06-25T08:56:30.573Z",
    "username": "doctor",
    "phone": "+2348000000002",
    "tenant": 1,
    "role": "doctor",
    "groups": [],
    "user_permissions": []
  }
},
{
  "model": "accounts.user",
  "pk": 4,
  "fields": {
    "password": "pbkdf2_sha256$870000$Q0a9oEayzBoplmsMbYws8S$X23avt3/7bcel8ufgYt5gRqY2Qeq7bSaEpoNYSik2hY=",
    "last_login": null,
    "is_superuser": false,
    "first_name": "",
    "last_name": "",
    "email": "pharmacist@demo.localhost",
    "is_staff": false,
    "is_active": true,
    "date_joined": "2026-06-25T08:56:31.155Z",
    "username": "pharmacist",
    "phone": "+2348000000003",
    "tenant": 1,
    "role": "pharmacist",
    "groups": [],
    "user_permissions": []
  }
},
{
  "model": "accounts.user",
  "pk": 5,
  "fields": {
    "password": "pbkdf2_sha256$870000$cL9sJQFcN3FASS9YGJv5TC$mMuED77VpNpVYn2fPjl0pqwskcALGsWc27fxEf5Pmt8=",
    "last_login": null,
    "is_superuser": false,
    "first_name": "",
    "last_name": "",
    "email": "nurse@demo.localhost",
    "is_staff": false,
    "is_active": true,
    "date_joined": "2026-06-25T08:56:31.791Z",
    "username": "nurse",
    "phone": "+2348000000004",
    "tenant": 1,
    "role": "nurse",
    "groups": [],
    "user_permissions": []
  }
},
{
  "model": "accounts.user",
  "pk": 6,
  "fields": {
    "password": "pbkdf2_sha256$870000$RaSdvJq0yUF3wLkz2Y8drr$4m4kS+Ljk7X6/Lxave/jkWuMfqzZY62k6g9rWRjdSd4=",
    "last_login": null,
    "is_superuser": false,
    "first_name": "",
    "last_name": "",
    "email": "public@demo.localhost",
    "is_staff": false,
    "is_active": true,
    "date_joined": "2026-06-25T08:56:32.370Z",
    "username": "public",
    "phone": "+2348000000005",
    "tenant": 1,
    "role": "public",
    "groups": [],
    "user_permissions": []
  }
},
{
  "model": "accounts.user",
  "pk": 7,
  "fields": {
    "password": "pbkdf2_sha256$870000$V2UmqIbYnBReVFE7AK10iR$uTORkJGgxWsrRcP0qhi/z9yGbPfqQnUGnFyQWkKuA7o=",
    "last_login": null,
    "is_superuser": false,
    "first_name": "",
    "last_name": "",
    "email": "admin@admin.com",
    "is_staff": false,
    "is_active": true,
    "date_joined": "2026-06-25T13:21:26.400Z",
    "username": null,
    "phone": "08000000000",
    "tenant": 2,
    "role": "tenant_admin",
    "groups": [],
    "user_permissions": []
  }
},
{
  "model": "accounts.user",
  "pk": 8,
  "fields": {
    "password": "pbkdf2_sha256$870000$Y3qxMDyQgc2gfPWjIamKi7$PFto5bUvxDpcbCodHudG2RdGg/DYu5ZX6W/aDZ6S0js=",
    "last_login": null,
    "is_superuser": false,
    "first_name": "",
    "last_name": "",
    "email": "",
    "is_staff": false,
    "is_active": false,
    "date_joined": "2026-06-26T08:59:47Z",
    "username": null,
    "phone": "08000000001",
    "tenant": null,
    "role": "super_admin",
    "groups": [],
    "user_permissions": []
  }
},
{
  "model": "accounts.user",
  "pk": 9,
  "fields": {
    "password": "",
    "last_login": null,
    "is_superuser": false,
    "first_name": "",
    "last_name": "",
    "email": "",
    "is_staff": false,
    "is_active": true,
    "date_joined": "2026-06-26T08:59:47.443Z",
    "username": null,
    "phone": "08000000002",
    "tenant": 4,
    "role": "doctor",
    "groups": [],
    "user_permissions": []
  }
},
{
  "model": "accounts.user",
  "pk": 10,
  "fields": {
    "password": "pbkdf2_sha256$870000$LYXzPFxrO9md0ijBcnjKSJ$oGwuE/iRew6Jk1jDOqYdkOOjLMRqit2eecVcXa+YYaY=",
    "last_login": null,
    "is_superuser": false,
    "first_name": "",
    "last_name": "",
    "email": "cottageibi@cotibi.com",
    "is_staff": false,
    "is_active": true,
    "date_joined": "2026-06-27T05:48:40.049Z",
    "username": null,
    "phone": "08080808080",
    "tenant": 5,
    "role": "tenant_admin",
    "groups": [],
    "user_permissions": []
  }
},
{
  "model": "accounts.user",
  "pk": 11,
  "fields": {
    "password": "pbkdf2_sha256$870000$qRsqv9LR0e4RU6WVrHpQ2Z$fPLnX1zrV0O/KVGIto5yH6FghqekGP5JUKcXL+hUOc0=",
    "last_login": null,
    "is_superuser": false,
    "first_name": "",
    "last_name": "",
    "email": "",
    "is_staff": false,
    "is_active": true,
    "date_joined": "2026-06-27T08:49:02.450Z",
    "username": "Demo user",
    "phone": "08070707070",
    "tenant": 1,
    "role": "public",
    "groups": [],
    "user_permissions": []
  }
},
{
  "model": "catalog.symptom",
  "pk": 31,
  "fields": {
    "tenant": null,
    "created_at": "2026-06-25T14:14:29.120Z",
    "updated_at": "2026-06-25T14:14:29.120Z",
    "name": "Fever",
    "description": "",
    "severity_level": 3
  }
},
{
  "model": "catalog.symptom",
  "pk": 32,
  "fields": {
    "tenant": null,
    "created_at": "2026-06-25T14:14:29.124Z",
    "updated_at": "2026-06-25T14:14:29.124Z",
    "name": "Cough",
    "description": "",
    "severity_level": 2
  }
},
{
  "model": "catalog.symptom",
  "pk": 33,
  "fields": {
    "tenant": null,
    "created_at": "2026-06-25T14:14:29.127Z",
    "updated_at": "2026-06-25T14:14:29.127Z",
    "name": "Headache",
    "description": "",
    "severity_level": 2
  }
},
{
  "model": "catalog.symptom",
  "pk": 34,
  "fields": {
    "tenant": null,
    "created_at": "2026-06-25T14:14:29.129Z",
    "updated_at": "2026-06-25T14:14:29.129Z",
    "name": "Sore throat",
    "description": "",
    "severity_level": 2
  }
},
{
  "model": "catalog.symptom",
  "pk": 35,
  "fields": {
    "tenant": null,
    "created_at": "2026-06-25T14:14:29.130Z",
    "updated_at": "2026-06-25T14:14:29.130Z",
    "name": "Fatigue",
    "description": "",
    "severity_level": 1
  }
},
{
  "model": "catalog.symptom",
  "pk": 36,
  "fields": {
    "tenant": null,
    "created_at": "2026-06-25T14:14:29.131Z",
    "updated_at": "2026-06-25T14:14:29.131Z",
    "name": "Shortness of breath",
    "description": "",
    "severity_level": 4
  }
},
{
  "model": "catalog.symptom",
  "pk": 37,
  "fields": {
    "tenant": null,
    "created_at": "2026-06-25T14:14:29.133Z",
    "updated_at": "2026-06-25T14:14:29.133Z",
    "name": "Chest pain",
    "description": "",
    "severity_level": 4
  }
},
{
  "model": "catalog.symptom",
  "pk": 38,
  "fields": {
    "tenant": null,
    "created_at": "2026-06-25T14:14:29.134Z",
    "updated_at": "2026-06-25T14:14:29.134Z",
    "name": "Nausea",
    "description": "",
    "severity_level": 2
  }
},
{
  "model": "catalog.symptom",
  "pk": 39,
  "fields": {
    "tenant": null,
    "created_at": "2026-06-25T14:14:29.135Z",
    "updated_at": "2026-06-25T14:14:29.135Z",
    "name": "Vomiting",
    "description": "",
    "severity_level": 3
  }
},
{
  "model": "catalog.symptom",
  "pk": 40,
  "fields": {
    "tenant": null,
    "created_at": "2026-06-25T14:14:29.136Z",
    "updated_at": "2026-06-25T14:14:29.136Z",
    "name": "Diarrhea",
    "description": "",
    "severity_level": 2
  }
},
{
  "model": "catalog.symptom",
  "pk": 41,
  "fields": {
    "tenant": null,
    "created_at": "2026-06-25T14:14:29.136Z",
    "updated_at": "2026-06-25T14:14:29.136Z",
    "name": "Rash",
    "description": "",
    "severity_level": 2
  }
},
{
  "model": "catalog.symptom",
  "pk": 42,
  "fields": {
    "tenant": null,
    "created_at": "2026-06-25T14:14:29.137Z",
    "updated_at": "2026-06-25T14:14:29.138Z",
    "name": "Dizziness",
    "description": "",
    "severity_level": 2
  }
},
{
  "model": "catalog.symptom",
  "pk": 43,
  "fields": {
    "tenant": null,
    "created_at": "2026-06-25T14:14:29.138Z",
    "updated_at": "2026-06-25T14:14:29.138Z",
    "name": "Muscle aches",
    "description": "",
    "severity_level": 2
  }
},
{
  "model": "catalog.symptom",
  "pk": 44,
  "fields": {
    "tenant": null,
    "created_at": "2026-06-25T14:14:29.139Z",
    "updated_at": "2026-06-25T14:14:29.139Z",
    "name": "Runny nose",
    "description": "",
    "severity_level": 1
  }
},
{
  "model": "catalog.symptom",
  "pk": 45,
  "fields": {
    "tenant": null,
    "created_at": "2026-06-25T14:14:29.140Z",
    "updated_at": "2026-06-25T14:14:29.140Z",
    "name": "Abdominal pain",
    "description": "",
    "severity_level": 3
  }
},
{
  "model": "catalog.symptom",
  "pk": 46,
  "fields": {
    "tenant": null,
    "created_at": "2026-06-25T14:14:29.141Z",
    "updated_at": "2026-06-25T14:14:29.141Z",
    "name": "Weight loss",
    "description": "",
    "severity_level": 2
  }
},
{
  "model": "catalog.symptom",
  "pk": 47,
  "fields": {
    "tenant": null,
    "created_at": "2026-06-25T14:14:29.142Z",
    "updated_at": "2026-06-25T14:14:29.142Z",
    "name": "Night sweats",
    "description": "",
    "severity_level": 2
  }
},
{
  "model": "catalog.symptom",
  "pk": 48,
  "fields": {
    "tenant": null,
    "created_at": "2026-06-25T14:14:29.143Z",
    "updated_at": "2026-06-25T14:14:29.143Z",
    "name": "Joint pain",
    "description": "",
    "severity_level": 2
  }
},
{
  "model": "catalog.symptom",
  "pk": 49,
  "fields": {
    "tenant": null,
    "created_at": "2026-06-25T14:14:29.143Z",
    "updated_at": "2026-06-25T14:14:29.143Z",
    "name": "Blurred vision",
    "description": "",
    "severity_level": 3
  }
},
{
  "model": "catalog.symptom",
  "pk": 50,
  "fields": {
    "tenant": null,
    "created_at": "2026-06-25T14:14:29.144Z",
    "updated_at": "2026-06-25T14:14:29.144Z",
    "name": "Frequent urination",
    "description": "",
    "severity_level": 2
  }
},
{
  "model": "catalog.symptom",
  "pk": 51,
  "fields": {
    "tenant": null,
    "created_at": "2026-06-25T14:14:29.145Z",
    "updated_at": "2026-06-25T14:14:29.145Z",
    "name": "Excessive thirst",
    "description": "",
    "severity_level": 2
  }
},
{
  "model": "catalog.symptom",
  "pk": 52,
  "fields": {
    "tenant": null,
    "created_at": "2026-06-25T14:14:29.145Z",
    "updated_at": "2026-06-25T14:14:29.145Z",
    "name": "Palpitations",
    "description": "",
    "severity_level": 3
  }
},
{
  "model": "catalog.symptom",
  "pk": 53,
  "fields": {
    "tenant": null,
    "created_at": "2026-06-25T14:14:29.146Z",
    "updated_at": "2026-06-25T14:14:29.146Z",
    "name": "Swelling (edema)",
    "description": "",
    "severity_level": 3
  }
},
{
  "model": "catalog.symptom",
  "pk": 54,
  "fields": {
    "tenant": null,
    "created_at": "2026-06-25T14:14:29.147Z",
    "updated_at": "2026-06-25T14:14:29.147Z",
    "name": "Confusion",
    "description": "",
    "severity_level": 4
  }
},
{
  "model": "catalog.symptom",
  "pk": 55,
  "fields": {
    "tenant": null,
    "created_at": "2026-06-25T14:14:29.148Z",
    "updated_at": "2026-06-25T14:14:29.148Z",
    "name": "Seizure",
    "description": "",
    "severity_level": 5
  }
},
{
  "model": "catalog.symptom",
  "pk": 56,
  "fields": {
    "tenant": null,
    "created_at": "2026-06-25T14:14:29.149Z",
    "updated_at": "2026-06-25T14:14:29.149Z",
    "name": "Jaundice",
    "description": "",
    "severity_level": 4
  }
},
{
  "model": "catalog.symptom",
  "pk": 57,
  "fields": {
    "tenant": null,
    "created_at": "2026-06-25T14:14:29.149Z",
    "updated_at": "2026-06-25T14:14:29.149Z",
    "name": "Wheezing",
    "description": "",
    "severity_level": 3
  }
},
{
  "model": "catalog.symptom",
  "pk": 58,
  "fields": {
    "tenant": null,
    "created_at": "2026-06-25T14:14:29.150Z",
    "updated_at": "2026-06-25T14:14:29.150Z",
    "name": "Loss of appetite",
    "description": "",
    "severity_level": 1
  }
},
{
  "model": "catalog.symptom",
  "pk": 59,
  "fields": {
    "tenant": null,
    "created_at": "2026-06-25T14:14:29.151Z",
    "updated_at": "2026-06-25T14:14:29.151Z",
    "name": "Chills",
    "description": "",
    "severity_level": 2
  }
},
{
  "model": "catalog.symptom",
  "pk": 60,
  "fields": {
    "tenant": null,
    "created_at": "2026-06-25T14:14:29.152Z",
    "updated_at": "2026-06-25T14:14:29.152Z",
    "name": "Neck stiffness",
    "description": "",
    "severity_level": 4
  }
},
{
  "model": "catalog.disease",
  "pk": 31,
  "fields": {
    "tenant": null,
    "created_at": "2026-06-25T14:14:29.182Z",
    "updated_at": "2026-06-25T14:14:29.182Z",
    "name": "Influenza",
    "slug": "influenza",
    "icd10_code": "J10",
    "notifiable": false,
    "description": "Acute viral respiratory infection caused by influenza viruses.",
    "causes": "",
    "risk_factors": "",
    "diagnosis": "",
    "treatment": "Rest, fluids, antipyretics; antivirals in high-risk groups.",
    "prevention": "",
    "complications": "",
    "references": "",
    "status": "published",
    "symptoms": [
      31,
      32,
      33,
      43,
      44
    ],
    "medications": [
      36,
      37
    ]
  }
},
{
  "model": "catalog.disease",
  "pk": 32,
  "fields": {
    "tenant": null,
    "created_at": "2026-06-25T14:14:29.187Z",
    "updated_at": "2026-06-25T14:14:29.187Z",
    "name": "Tuberculosis",
    "slug": "tuberculosis",
    "icd10_code": "A15",
    "notifiable": true,
    "description": "Chronic bacterial infection by Mycobacterium tuberculosis, usually pulmonary.",
    "causes": "",
    "risk_factors": "",
    "diagnosis": "",
    "treatment": "Multi-drug regimen (rifampicin, isoniazid and others) for 6 months.",
    "prevention": "",
    "complications": "",
    "references": "",
    "status": "published",
    "symptoms": [
      31,
      32,
      35,
      46,
      47
    ],
    "medications": [
      55,
      56
    ]
  }
},
{
  "model": "catalog.disease",
  "pk": 33,
  "fields": {
    "tenant": null,
    "created_at": "2026-06-25T14:14:29.195Z",
    "updated_at": "2026-06-25T14:14:29.195Z",
    "name": "Malaria",
    "slug": "malaria",
    "icd10_code": "B54",
    "notifiable": true,
    "description": "Mosquito-borne Plasmodium infection; falciparum can be fatal.",
    "causes": "",
    "risk_factors": "",
    "diagnosis": "",
    "treatment": "Artemisinin-based combination therapy; supportive care.",
    "prevention": "",
    "complications": "",
    "references": "",
    "status": "published",
    "symptoms": [
      31,
      33,
      38,
      43,
      59
    ],
    "medications": [
      36,
      54
    ]
  }
},
{
  "model": "catalog.disease",
  "pk": 34,
  "fields": {
    "tenant": null,
    "created_at": "2026-06-25T14:14:29.199Z",
    "updated_at": "2026-06-25T14:14:29.199Z",
    "name": "Type 2 Diabetes",
    "slug": "type-2-diabetes",
    "icd10_code": "E11",
    "notifiable": false,
    "description": "Insulin resistance causing chronic hyperglycaemia.",
    "causes": "",
    "risk_factors": "",
    "diagnosis": "",
    "treatment": "Lifestyle change, metformin, escalating therapy; glucose monitoring.",
    "prevention": "",
    "complications": "",
    "references": "",
    "status": "published",
    "symptoms": [
      35,
      49,
      50,
      51
    ],
    "medications": [
      40,
      41,
      42
    ]
  }
},
{
  "model": "catalog.disease",
  "pk": 35,
  "fields": {
    "tenant": null,
    "created_at": "2026-06-25T14:14:29.204Z",
    "updated_at": "2026-06-25T14:14:29.204Z",
    "name": "Hypertension",
    "slug": "hypertension",
    "icd10_code": "I10",
    "notifiable": false,
    "description": "Persistently elevated arterial blood pressure.",
    "causes": "",
    "risk_factors": "",
    "diagnosis": "",
    "treatment": "Lifestyle change plus ACE inhibitors, ARBs, CCBs or diuretics.",
    "prevention": "",
    "complications": "",
    "references": "",
    "status": "published",
    "symptoms": [
      33,
      37,
      42
    ],
    "medications": [
      43,
      44,
      45,
      46
    ]
  }
},
{
  "model": "catalog.disease",
  "pk": 36,
  "fields": {
    "tenant": null,
    "created_at": "2026-06-25T14:14:29.208Z",
    "updated_at": "2026-06-25T14:14:29.208Z",
    "name": "Asthma",
    "slug": "asthma",
    "icd10_code": "J45",
    "notifiable": false,
    "description": "Chronic airway inflammation with reversible obstruction.",
    "causes": "",
    "risk_factors": "",
    "diagnosis": "",
    "treatment": "Inhaled bronchodilators and corticosteroids; avoid triggers.",
    "prevention": "",
    "complications": "",
    "references": "",
    "status": "published",
    "symptoms": [
      32,
      36,
      37,
      57
    ],
    "medications": [
      50,
      51
    ]
  }
},
{
  "model": "catalog.disease",
  "pk": 37,
  "fields": {
    "tenant": null,
    "created_at": "2026-06-25T14:14:29.210Z",
    "updated_at": "2026-06-25T14:14:29.210Z",
    "name": "Chronic Obstructive Pulmonary Disease",
    "slug": "copd",
    "icd10_code": "J44",
    "notifiable": false,
    "description": "Progressive airflow limitation, usually from smoking.",
    "causes": "",
    "risk_factors": "",
    "diagnosis": "",
    "treatment": "Bronchodilators, inhaled steroids, smoking cessation, oxygen.",
    "prevention": "",
    "complications": "",
    "references": "",
    "status": "published",
    "symptoms": [
      32,
      35,
      36,
      57
    ],
    "medications": [
      50,
      51,
      52
    ]
  }
},
{
  "model": "catalog.disease",
  "pk": 38,
  "fields": {
    "tenant": null,
    "created_at": "2026-06-25T14:14:29.213Z",
    "updated_at": "2026-06-25T14:14:29.213Z",
    "name": "Pneumonia",
    "slug": "pneumonia",
    "icd10_code": "J18",
    "notifiable": false,
    "description": "Acute infection of the lung parenchyma.",
    "causes": "",
    "risk_factors": "",
    "diagnosis": "",
    "treatment": "Antibiotics guided by severity; oxygen and fluids as needed.",
    "prevention": "",
    "complications": "",
    "references": "",
    "status": "published",
    "symptoms": [
      31,
      32,
      36,
      37,
      59
    ],
    "medications": [
      31,
      32,
      34
    ]
  }
},
{
  "model": "catalog.disease",
  "pk": 39,
  "fields": {
    "tenant": null,
    "created_at": "2026-06-25T14:14:29.216Z",
    "updated_at": "2026-06-25T14:14:29.216Z",
    "name": "Ischaemic Heart Disease",
    "slug": "ischaemic-heart-disease",
    "icd10_code": "I25",
    "notifiable": false,
    "description": "Reduced coronary blood flow causing angina or infarction.",
    "causes": "",
    "risk_factors": "",
    "diagnosis": "",
    "treatment": "Antiplatelets, statins, beta-blockers; revascularisation if indicated.",
    "prevention": "",
    "complications": "",
    "references": "",
    "status": "published",
    "symptoms": [
      36,
      37,
      52
    ],
    "medications": [
      38,
      48
    ]
  }
},
{
  "model": "catalog.disease",
  "pk": 40,
  "fields": {
    "tenant": null,
    "created_at": "2026-06-25T14:14:29.221Z",
    "updated_at": "2026-06-25T14:14:29.221Z",
    "name": "Ischaemic Stroke",
    "slug": "ischaemic-stroke",
    "icd10_code": "I63",
    "notifiable": false,
    "description": "Sudden neurological deficit from cerebral arterial occlusion.",
    "causes": "",
    "risk_factors": "",
    "diagnosis": "",
    "treatment": "Acute reperfusion where eligible; antiplatelets, risk-factor control.",
    "prevention": "",
    "complications": "",
    "references": "",
    "status": "published",
    "symptoms": [
      33,
      42,
      49,
      54
    ],
    "medications": [
      38,
      48
    ]
  }
},
{
  "model": "catalog.disease",
  "pk": 41,
  "fields": {
    "tenant": null,
    "created_at": "2026-06-25T14:14:29.227Z",
    "updated_at": "2026-06-25T14:14:29.227Z",
    "name": "HIV Infection",
    "slug": "hiv-infection",
    "icd10_code": "B20",
    "notifiable": true,
    "description": "Human immunodeficiency virus causing progressive immune failure.",
    "causes": "",
    "risk_factors": "",
    "diagnosis": "",
    "treatment": "Lifelong combination antiretroviral therapy; opportunistic-infection care.",
    "prevention": "",
    "complications": "",
    "references": "",
    "status": "published",
    "symptoms": [
      31,
      35,
      46,
      47
    ],
    "medications": []
  }
},
{
  "model": "catalog.disease",
  "pk": 42,
  "fields": {
    "tenant": null,
    "created_at": "2026-06-25T14:14:29.230Z",
    "updated_at": "2026-06-25T14:14:29.230Z",
    "name": "Hepatitis B",
    "slug": "hepatitis-b",
    "icd10_code": "B16",
    "notifiable": true,
    "description": "Viral infection of the liver by hepatitis B virus.",
    "causes": "",
    "risk_factors": "",
    "diagnosis": "",
    "treatment": "Antivirals in chronic disease; vaccination prevents infection.",
    "prevention": "",
    "complications": "",
    "references": "",
    "status": "published",
    "symptoms": [
      35,
      38,
      45,
      56
    ],
    "medications": []
  }
},
{
  "model": "catalog.disease",
  "pk": 43,
  "fields": {
    "tenant": null,
    "created_at": "2026-06-25T14:14:29.234Z",
    "updated_at": "2026-06-25T14:14:29.234Z",
    "name": "Cholera",
    "slug": "cholera",
    "icd10_code": "A00",
    "notifiable": true,
    "description": "Acute watery diarrhoea from Vibrio cholerae; epidemic-prone.",
    "causes": "",
    "risk_factors": "",
    "diagnosis": "",
    "treatment": "Aggressive oral/IV rehydration; antibiotics in severe cases.",
    "prevention": "",
    "complications": "",
    "references": "",
    "status": "published",
    "symptoms": [
      39,
      40,
      42
    ],
    "medications": [
      33
    ]
  }
},
{
  "model": "catalog.disease",
  "pk": 44,
  "fields": {
    "tenant": null,
    "created_at": "2026-06-25T14:14:29.238Z",
    "updated_at": "2026-06-25T14:14:29.238Z",
    "name": "Typhoid Fever",
    "slug": "typhoid-fever",
    "icd10_code": "A01.0",
    "notifiable": true,
    "description": "Systemic infection by Salmonella Typhi.",
    "causes": "",
    "risk_factors": "",
    "diagnosis": "",
    "treatment": "Appropriate antibiotics; fluids and supportive care.",
    "prevention": "",
    "complications": "",
    "references": "",
    "status": "published",
    "symptoms": [
      31,
      33,
      45,
      58
    ],
    "medications": [
      33,
      34
    ]
  }
},
{
  "model": "catalog.disease",
  "pk": 45,
  "fields": {
    "tenant": null,
    "created_at": "2026-06-25T14:14:29.240Z",
    "updated_at": "2026-06-25T14:14:29.241Z",
    "name": "Measles",
    "slug": "measles",
    "icd10_code": "B05",
    "notifiable": true,
    "description": "Highly contagious viral illness with rash; vaccine-preventable.",
    "causes": "",
    "risk_factors": "",
    "diagnosis": "",
    "treatment": "Supportive care, vitamin A; manage complications.",
    "prevention": "",
    "complications": "",
    "references": "",
    "status": "published",
    "symptoms": [
      31,
      32,
      41,
      44
    ],
    "medications": [
      36
    ]
  }
},
{
  "model": "catalog.disease",
  "pk": 46,
  "fields": {
    "tenant": null,
    "created_at": "2026-06-25T14:14:29.243Z",
    "updated_at": "2026-06-25T14:14:29.243Z",
    "name": "COVID-19",
    "slug": "covid-19",
    "icd10_code": "U07.1",
    "notifiable": true,
    "description": "Respiratory illness caused by SARS-CoV-2.",
    "causes": "",
    "risk_factors": "",
    "diagnosis": "",
    "treatment": "Supportive care; oxygen and specific therapies in severe disease.",
    "prevention": "",
    "complications": "",
    "references": "",
    "status": "published",
    "symptoms": [
      31,
      32,
      35,
      36,
      58
    ],
    "medications": [
      36
    ]
  }
},
{
  "model": "catalog.disease",
  "pk": 47,
  "fields": {
    "tenant": null,
    "created_at": "2026-06-25T14:14:29.247Z",
    "updated_at": "2026-06-25T14:14:29.247Z",
    "name": "Gastroenteritis",
    "slug": "gastroenteritis",
    "icd10_code": "A09",
    "notifiable": false,
    "description": "Inflammation of the GI tract, usually infectious.",
    "causes": "",
    "risk_factors": "",
    "diagnosis": "",
    "treatment": "Oral rehydration and supportive care; antibiotics rarely needed.",
    "prevention": "",
    "complications": "",
    "references": "",
    "status": "published",
    "symptoms": [
      31,
      38,
      39,
      40,
      45
    ],
    "medications": [
      35,
      36
    ]
  }
},
{
  "model": "catalog.disease",
  "pk": 48,
  "fields": {
    "tenant": null,
    "created_at": "2026-06-25T14:14:29.251Z",
    "updated_at": "2026-06-25T14:14:29.251Z",
    "name": "Urinary Tract Infection",
    "slug": "urinary-tract-infection",
    "icd10_code": "N39.0",
    "notifiable": false,
    "description": "Bacterial infection of the urinary tract.",
    "causes": "",
    "risk_factors": "",
    "diagnosis": "",
    "treatment": "Short-course antibiotics; increase fluids.",
    "prevention": "",
    "complications": "",
    "references": "",
    "status": "published",
    "symptoms": [
      31,
      45,
      50
    ],
    "medications": [
      31,
      33
    ]
  }
},
{
  "model": "catalog.disease",
  "pk": 49,
  "fields": {
    "tenant": null,
    "created_at": "2026-06-25T14:14:29.255Z",
    "updated_at": "2026-06-25T14:14:29.255Z",
    "name": "Iron-Deficiency Anaemia",
    "slug": "iron-deficiency-anaemia",
    "icd10_code": "D50",
    "notifiable": false,
    "description": "Reduced haemoglobin from inadequate iron stores.",
    "causes": "",
    "risk_factors": "",
    "diagnosis": "",
    "treatment": "Oral iron and treat the underlying cause.",
    "prevention": "",
    "complications": "",
    "references": "",
    "status": "published",
    "symptoms": [
      35,
      36,
      42
    ],
    "medications": [
      60
    ]
  }
},
{
  "model": "catalog.disease",
  "pk": 50,
  "fields": {
    "tenant": null,
    "created_at": "2026-06-25T14:14:29.258Z",
    "updated_at": "2026-06-25T14:14:29.258Z",
    "name": "Major Depressive Disorder",
    "slug": "major-depressive-disorder",
    "icd10_code": "F32",
    "notifiable": false,
    "description": "Persistent low mood and loss of interest impairing function.",
    "causes": "",
    "risk_factors": "",
    "diagnosis": "",
    "treatment": "Psychotherapy and/or antidepressants.",
    "prevention": "",
    "complications": "",
    "references": "",
    "status": "published",
    "symptoms": [
      35,
      58
    ],
    "medications": [
      58,
      59
    ]
  }
},
{
  "model": "catalog.disease",
  "pk": 51,
  "fields": {
    "tenant": null,
    "created_at": "2026-06-25T14:14:29.261Z",
    "updated_at": "2026-06-25T14:14:29.261Z",
    "name": "Migraine",
    "slug": "migraine",
    "icd10_code": "G43",
    "notifiable": false,
    "description": "Recurrent moderate-to-severe headache, often with aura.",
    "causes": "",
    "risk_factors": "",
    "diagnosis": "",
    "treatment": "Acute analgesia/triptans; prophylaxis if frequent.",
    "prevention": "",
    "complications": "",
    "references": "",
    "status": "published",
    "symptoms": [
      33,
      38,
      49
    ],
    "medications": [
      36,
      37
    ]
  }
},
{
  "model": "catalog.disease",
  "pk": 52,
  "fields": {
    "tenant": null,
    "created_at": "2026-06-25T14:14:29.264Z",
    "updated_at": "2026-06-25T14:14:29.264Z",
    "name": "Osteoarthritis",
    "slug": "osteoarthritis",
    "icd10_code": "M19",
    "notifiable": false,
    "description": "Degenerative joint disease with cartilage loss.",
    "causes": "",
    "risk_factors": "",
    "diagnosis": "",
    "treatment": "Exercise, weight loss, analgesia; joint replacement if severe.",
    "prevention": "",
    "complications": "",
    "references": "",
    "status": "published",
    "symptoms": [
      48,
      53
    ],
    "medications": [
      36,
      37
    ]
  }
},
{
  "model": "catalog.disease",
  "pk": 53,
  "fields": {
    "tenant": null,
    "created_at": "2026-06-25T14:14:29.267Z",
    "updated_at": "2026-06-25T14:14:29.267Z",
    "name": "Chronic Kidney Disease",
    "slug": "chronic-kidney-disease",
    "icd10_code": "N18",
    "notifiable": false,
    "description": "Progressive, irreversible loss of kidney function.",
    "causes": "",
    "risk_factors": "",
    "diagnosis": "",
    "treatment": "Control BP and diabetes; manage complications; dialysis if end-stage.",
    "prevention": "",
    "complications": "",
    "references": "",
    "status": "published",
    "symptoms": [
      35,
      38,
      53
    ],
    "medications": [
      44,
      47
    ]
  }
},
{
  "model": "catalog.disease",
  "pk": 54,
  "fields": {
    "tenant": null,
    "created_at": "2026-06-25T14:14:29.271Z",
    "updated_at": "2026-06-25T14:14:29.271Z",
    "name": "Hypothyroidism",
    "slug": "hypothyroidism",
    "icd10_code": "E03",
    "notifiable": false,
    "description": "Underactive thyroid causing metabolic slowing.",
    "causes": "",
    "risk_factors": "",
    "diagnosis": "",
    "treatment": "Levothyroxine replacement, dose-titrated.",
    "prevention": "",
    "complications": "",
    "references": "",
    "status": "published",
    "symptoms": [
      35,
      46,
      58
    ],
    "medications": [
      57
    ]
  }
},
{
  "model": "catalog.disease",
  "pk": 55,
  "fields": {
    "tenant": null,
    "created_at": "2026-06-25T14:14:29.274Z",
    "updated_at": "2026-06-25T14:14:29.274Z",
    "name": "Epilepsy",
    "slug": "epilepsy",
    "icd10_code": "G40",
    "notifiable": false,
    "description": "Recurrent unprovoked seizures from abnormal brain activity.",
    "causes": "",
    "risk_factors": "",
    "diagnosis": "",
    "treatment": "Antiepileptic drugs; treat the underlying cause where present.",
    "prevention": "",
    "complications": "",
    "references": "",
    "status": "published",
    "symptoms": [
      42,
      54,
      55
    ],
    "medications": []
  }
},
{
  "model": "catalog.disease",
  "pk": 56,
  "fields": {
    "tenant": null,
    "created_at": "2026-06-25T14:14:29.277Z",
    "updated_at": "2026-06-25T14:14:29.277Z",
    "name": "Dengue Fever",
    "slug": "dengue-fever",
    "icd10_code": "A90",
    "notifiable": true,
    "description": "Mosquito-borne viral febrile illness; can progress to severe disease.",
    "causes": "",
    "risk_factors": "",
    "diagnosis": "",
    "treatment": "Supportive care and careful fluid management; avoid NSAIDs.",
    "prevention": "",
    "complications": "",
    "references": "",
    "status": "published",
    "symptoms": [
      31,
      33,
      38,
      41,
      43
    ],
    "medications": [
      36
    ]
  }
},
{
  "model": "catalog.disease",
  "pk": 57,
  "fields": {
    "tenant": null,
    "created_at": "2026-06-25T14:14:29.281Z",
    "updated_at": "2026-06-25T14:14:29.281Z",
    "name": "Bacterial Meningitis",
    "slug": "bacterial-meningitis",
    "icd10_code": "G00",
    "notifiable": true,
    "description": "Acute infection of the meninges; a medical emergency.",
    "causes": "",
    "risk_factors": "",
    "diagnosis": "",
    "treatment": "Urgent empirical IV antibiotics; supportive care.",
    "prevention": "",
    "complications": "",
    "references": "",
    "status": "published",
    "symptoms": [
      31,
      33,
      54,
      60
    ],
    "medications": [
      34
    ]
  }
},
{
  "model": "catalog.disease",
  "pk": 58,
  "fields": {
    "tenant": null,
    "created_at": "2026-06-25T14:14:29.286Z",
    "updated_at": "2026-06-25T14:14:29.286Z",
    "name": "Peptic Ulcer Disease",
    "slug": "peptic-ulcer-disease",
    "icd10_code": "K27",
    "notifiable": false,
    "description": "Mucosal ulceration of stomach or duodenum.",
    "causes": "",
    "risk_factors": "",
    "diagnosis": "",
    "treatment": "PPIs, H. pylori eradication; stop NSAIDs.",
    "prevention": "",
    "complications": "",
    "references": "",
    "status": "published",
    "symptoms": [
      38,
      45,
      58
    ],
    "medications": [
      31,
      35,
      53
    ]
  }
},
{
  "model": "catalog.disease",
  "pk": 59,
  "fields": {
    "tenant": null,
    "created_at": "2026-06-25T14:14:29.289Z",
    "updated_at": "2026-06-25T14:14:29.289Z",
    "name": "Allergic Rhinitis",
    "slug": "allergic-rhinitis",
    "icd10_code": "J30",
    "notifiable": false,
    "description": "IgE-mediated nasal inflammation from allergen exposure.",
    "causes": "",
    "risk_factors": "",
    "diagnosis": "",
    "treatment": "Allergen avoidance, antihistamines, intranasal steroids.",
    "prevention": "",
    "complications": "",
    "references": "",
    "status": "published",
    "symptoms": [
      32,
      44
    ],
    "medications": [
      51
    ]
  }
},
{
  "model": "catalog.medication",
  "pk": 31,
  "fields": {
    "tenant": null,
    "created_at": "2026-06-25T14:14:29.153Z",
    "updated_at": "2026-06-25T14:14:29.153Z",
    "generic_name": "Amoxicillin",
    "brand_name": "Amoxil",
    "drug_class": "Penicillin antibiotic",
    "description": "",
    "indications": "Bacterial infections (respiratory, ENT, UTI).",
    "dosage": "500 mg PO TID",
    "side_effects": "",
    "warnings": "",
    "contraindications": "",
    "storage_information": "",
    "status": "published"
  }
},
{
  "model": "catalog.medication",
  "pk": 32,
  "fields": {
    "tenant": null,
    "created_at": "2026-06-25T14:14:29.154Z",
    "updated_at": "2026-06-25T14:14:29.154Z",
    "generic_name": "Azithromycin",
    "brand_name": "Zithromax",
    "drug_class": "Macrolide antibiotic",
    "description": "",
    "indications": "Respiratory and atypical infections.",
    "dosage": "500 mg day 1, then 250 mg daily x4",
    "side_effects": "",
    "warnings": "",
    "contraindications": "",
    "storage_information": "",
    "status": "published"
  }
},
{
  "model": "catalog.medication",
  "pk": 33,
  "fields": {
    "tenant": null,
    "created_at": "2026-06-25T14:14:29.156Z",
    "updated_at": "2026-06-25T14:14:29.156Z",
    "generic_name": "Ciprofloxacin",
    "brand_name": "Cipro",
    "drug_class": "Fluoroquinolone antibiotic",
    "description": "",
    "indications": "UTI, GI and systemic gram-negative infections.",
    "dosage": "500 mg PO BID",
    "side_effects": "",
    "warnings": "",
    "contraindications": "",
    "storage_information": "",
    "status": "published"
  }
},
{
  "model": "catalog.medication",
  "pk": 34,
  "fields": {
    "tenant": null,
    "created_at": "2026-06-25T14:14:29.157Z",
    "updated_at": "2026-06-25T14:14:29.157Z",
    "generic_name": "Ceftriaxone",
    "brand_name": "Rocephin",
    "drug_class": "Third-generation cephalosporin",
    "description": "",
    "indications": "Severe bacterial infections, meningitis, typhoid.",
    "dosage": "1-2 g IV/IM daily",
    "side_effects": "",
    "warnings": "",
    "contraindications": "",
    "storage_information": "",
    "status": "published"
  }
},
{
  "model": "catalog.medication",
  "pk": 35,
  "fields": {
    "tenant": null,
    "created_at": "2026-06-25T14:14:29.158Z",
    "updated_at": "2026-06-25T14:14:29.158Z",
    "generic_name": "Metronidazole",
    "brand_name": "Flagyl",
    "drug_class": "Nitroimidazole antimicrobial",
    "description": "",
    "indications": "Anaerobic and protozoal infections.",
    "dosage": "400 mg PO TID",
    "side_effects": "",
    "warnings": "",
    "contraindications": "",
    "storage_information": "",
    "status": "published"
  }
},
{
  "model": "catalog.medication",
  "pk": 36,
  "fields": {
    "tenant": null,
    "created_at": "2026-06-25T14:14:29.158Z",
    "updated_at": "2026-06-25T14:14:29.158Z",
    "generic_name": "Paracetamol",
    "brand_name": "Panadol",
    "drug_class": "Analgesic / antipyretic",
    "description": "",
    "indications": "Pain and fever.",
    "dosage": "500-1000 mg PO q6h (max 4 g/day)",
    "side_effects": "",
    "warnings": "",
    "contraindications": "",
    "storage_information": "",
    "status": "published"
  }
},
{
  "model": "catalog.medication",
  "pk": 37,
  "fields": {
    "tenant": null,
    "created_at": "2026-06-25T14:14:29.159Z",
    "updated_at": "2026-06-25T14:14:29.159Z",
    "generic_name": "Ibuprofen",
    "brand_name": "Advil",
    "drug_class": "NSAID",
    "description": "",
    "indications": "Pain, fever, inflammation.",
    "dosage": "400 mg PO q6-8h",
    "side_effects": "",
    "warnings": "",
    "contraindications": "",
    "storage_information": "",
    "status": "published"
  }
},
{
  "model": "catalog.medication",
  "pk": 38,
  "fields": {
    "tenant": null,
    "created_at": "2026-06-25T14:14:29.160Z",
    "updated_at": "2026-06-25T14:14:29.160Z",
    "generic_name": "Aspirin",
    "brand_name": "Aspirin",
    "drug_class": "NSAID / antiplatelet",
    "description": "",
    "indications": "Antiplatelet in cardiovascular disease; analgesia.",
    "dosage": "75-100 mg daily (antiplatelet)",
    "side_effects": "",
    "warnings": "",
    "contraindications": "",
    "storage_information": "",
    "status": "published"
  }
},
{
  "model": "catalog.medication",
  "pk": 39,
  "fields": {
    "tenant": null,
    "created_at": "2026-06-25T14:14:29.162Z",
    "updated_at": "2026-06-25T14:14:29.162Z",
    "generic_name": "Morphine",
    "brand_name": "MST",
    "drug_class": "Opioid analgesic",
    "description": "",
    "indications": "Moderate to severe pain.",
    "dosage": "5-10 mg IV/IM q4h titrated",
    "side_effects": "",
    "warnings": "",
    "contraindications": "",
    "storage_information": "",
    "status": "published"
  }
},
{
  "model": "catalog.medication",
  "pk": 40,
  "fields": {
    "tenant": null,
    "created_at": "2026-06-25T14:14:29.163Z",
    "updated_at": "2026-06-25T14:14:29.163Z",
    "generic_name": "Metformin",
    "brand_name": "Glucophage",
    "drug_class": "Biguanide antidiabetic",
    "description": "",
    "indications": "First-line type 2 diabetes.",
    "dosage": "500-1000 mg PO BID",
    "side_effects": "",
    "warnings": "",
    "contraindications": "",
    "storage_information": "",
    "status": "published"
  }
},
{
  "model": "catalog.medication",
  "pk": 41,
  "fields": {
    "tenant": null,
    "created_at": "2026-06-25T14:14:29.164Z",
    "updated_at": "2026-06-25T14:14:29.164Z",
    "generic_name": "Insulin (regular)",
    "brand_name": "Actrapid",
    "drug_class": "Short-acting insulin",
    "description": "",
    "indications": "Diabetes mellitus, hyperglycaemic emergencies.",
    "dosage": "Subcut, individualised",
    "side_effects": "",
    "warnings": "",
    "contraindications": "",
    "storage_information": "",
    "status": "published"
  }
},
{
  "model": "catalog.medication",
  "pk": 42,
  "fields": {
    "tenant": null,
    "created_at": "2026-06-25T14:14:29.165Z",
    "updated_at": "2026-06-25T14:14:29.165Z",
    "generic_name": "Glibenclamide",
    "brand_name": "Daonil",
    "drug_class": "Sulfonylurea",
    "description": "",
    "indications": "Type 2 diabetes.",
    "dosage": "5 mg PO daily with breakfast",
    "side_effects": "",
    "warnings": "",
    "contraindications": "",
    "storage_information": "",
    "status": "published"
  }
},
{
  "model": "catalog.medication",
  "pk": 43,
  "fields": {
    "tenant": null,
    "created_at": "2026-06-25T14:14:29.166Z",
    "updated_at": "2026-06-25T14:14:29.166Z",
    "generic_name": "Amlodipine",
    "brand_name": "Norvasc",
    "drug_class": "Calcium channel blocker",
    "description": "",
    "indications": "Hypertension, angina.",
    "dosage": "5-10 mg PO daily",
    "side_effects": "",
    "warnings": "",
    "contraindications": "",
    "storage_information": "",
    "status": "published"
  }
},
{
  "model": "catalog.medication",
  "pk": 44,
  "fields": {
    "tenant": null,
    "created_at": "2026-06-25T14:14:29.167Z",
    "updated_at": "2026-06-25T14:14:29.167Z",
    "generic_name": "Lisinopril",
    "brand_name": "Zestril",
    "drug_class": "ACE inhibitor",
    "description": "",
    "indications": "Hypertension, heart failure.",
    "dosage": "10-40 mg PO daily",
    "side_effects": "",
    "warnings": "",
    "contraindications": "",
    "storage_information": "",
    "status": "published"
  }
},
{
  "model": "catalog.medication",
  "pk": 45,
  "fields": {
    "tenant": null,
    "created_at": "2026-06-25T14:14:29.168Z",
    "updated_at": "2026-06-25T14:14:29.168Z",
    "generic_name": "Losartan",
    "brand_name": "Cozaar",
    "drug_class": "Angiotensin receptor blocker",
    "description": "",
    "indications": "Hypertension, diabetic nephropathy.",
    "dosage": "50-100 mg PO daily",
    "side_effects": "",
    "warnings": "",
    "contraindications": "",
    "storage_information": "",
    "status": "published"
  }
},
{
  "model": "catalog.medication",
  "pk": 46,
  "fields": {
    "tenant": null,
    "created_at": "2026-06-25T14:14:29.169Z",
    "updated_at": "2026-06-25T14:14:29.169Z",
    "generic_name": "Hydrochlorothiazide",
    "brand_name": "Hydrosaluric",
    "drug_class": "Thiazide diuretic",
    "description": "",
    "indications": "Hypertension, oedema.",
    "dosage": "12.5-25 mg PO daily",
    "side_effects": "",
    "warnings": "",
    "contraindications": "",
    "storage_information": "",
    "status": "published"
  }
},
{
  "model": "catalog.medication",
  "pk": 47,
  "fields": {
    "tenant": null,
    "created_at": "2026-06-25T14:14:29.169Z",
    "updated_at": "2026-06-25T14:14:29.169Z",
    "generic_name": "Furosemide",
    "brand_name": "Lasix",
    "drug_class": "Loop diuretic",
    "description": "",
    "indications": "Oedema, heart failure.",
    "dosage": "20-80 mg PO/IV daily",
    "side_effects": "",
    "warnings": "",
    "contraindications": "",
    "storage_information": "",
    "status": "published"
  }
},
{
  "model": "catalog.medication",
  "pk": 48,
  "fields": {
    "tenant": null,
    "created_at": "2026-06-25T14:14:29.171Z",
    "updated_at": "2026-06-25T14:14:29.171Z",
    "generic_name": "Atorvastatin",
    "brand_name": "Lipitor",
    "drug_class": "HMG-CoA reductase inhibitor (statin)",
    "description": "",
    "indications": "Hyperlipidaemia, CVD prevention.",
    "dosage": "10-80 mg PO nocte",
    "side_effects": "",
    "warnings": "",
    "contraindications": "",
    "storage_information": "",
    "status": "published"
  }
},
{
  "model": "catalog.medication",
  "pk": 49,
  "fields": {
    "tenant": null,
    "created_at": "2026-06-25T14:14:29.172Z",
    "updated_at": "2026-06-25T14:14:29.172Z",
    "generic_name": "Warfarin",
    "brand_name": "Coumadin",
    "drug_class": "Vitamin-K antagonist anticoagulant",
    "description": "",
    "indications": "Anticoagulation (AF, VTE, valves).",
    "dosage": "Dose to target INR",
    "side_effects": "",
    "warnings": "",
    "contraindications": "",
    "storage_information": "",
    "status": "published"
  }
},
{
  "model": "catalog.medication",
  "pk": 50,
  "fields": {
    "tenant": null,
    "created_at": "2026-06-25T14:14:29.173Z",
    "updated_at": "2026-06-25T14:14:29.173Z",
    "generic_name": "Salbutamol",
    "brand_name": "Ventolin",
    "drug_class": "Short-acting beta-2 agonist",
    "description": "",
    "indications": "Asthma, COPD bronchospasm.",
    "dosage": "100-200 mcg inhaled PRN",
    "side_effects": "",
    "warnings": "",
    "contraindications": "",
    "storage_information": "",
    "status": "published"
  }
},
{
  "model": "catalog.medication",
  "pk": 51,
  "fields": {
    "tenant": null,
    "created_at": "2026-06-25T14:14:29.174Z",
    "updated_at": "2026-06-25T14:14:29.174Z",
    "generic_name": "Beclomethasone",
    "brand_name": "Becotide",
    "drug_class": "Inhaled corticosteroid",
    "description": "",
    "indications": "Asthma maintenance.",
    "dosage": "100-400 mcg inhaled BID",
    "side_effects": "",
    "warnings": "",
    "contraindications": "",
    "storage_information": "",
    "status": "published"
  }
},
{
  "model": "catalog.medication",
  "pk": 52,
  "fields": {
    "tenant": null,
    "created_at": "2026-06-25T14:14:29.175Z",
    "updated_at": "2026-06-25T14:14:29.175Z",
    "generic_name": "Prednisolone",
    "brand_name": "Deltacortril",
    "drug_class": "Corticosteroid",
    "description": "",
    "indications": "Inflammatory and allergic conditions.",
    "dosage": "5-60 mg PO daily, tapered",
    "side_effects": "",
    "warnings": "",
    "contraindications": "",
    "storage_information": "",
    "status": "published"
  }
},
{
  "model": "catalog.medication",
  "pk": 53,
  "fields": {
    "tenant": null,
    "created_at": "2026-06-25T14:14:29.176Z",
    "updated_at": "2026-06-25T14:14:29.176Z",
    "generic_name": "Omeprazole",
    "brand_name": "Losec",
    "drug_class": "Proton pump inhibitor",
    "description": "",
    "indications": "Peptic ulcer, GORD.",
    "dosage": "20-40 mg PO daily",
    "side_effects": "",
    "warnings": "",
    "contraindications": "",
    "storage_information": "",
    "status": "published"
  }
},
{
  "model": "catalog.medication",
  "pk": 54,
  "fields": {
    "tenant": null,
    "created_at": "2026-06-25T14:14:29.176Z",
    "updated_at": "2026-06-25T14:14:29.176Z",
    "generic_name": "Artemether-Lumefantrine",
    "brand_name": "Coartem",
    "drug_class": "Antimalarial (ACT)",
    "description": "",
    "indications": "Uncomplicated falciparum malaria.",
    "dosage": "Weight-based, 3-day course",
    "side_effects": "",
    "warnings": "",
    "contraindications": "",
    "storage_information": "",
    "status": "published"
  }
},
{
  "model": "catalog.medication",
  "pk": 55,
  "fields": {
    "tenant": null,
    "created_at": "2026-06-25T14:14:29.177Z",
    "updated_at": "2026-06-25T14:14:29.177Z",
    "generic_name": "Rifampicin",
    "brand_name": "Rifadin",
    "drug_class": "Rifamycin antitubercular",
    "description": "",
    "indications": "Tuberculosis (combination).",
    "dosage": "10 mg/kg PO daily",
    "side_effects": "",
    "warnings": "",
    "contraindications": "",
    "storage_information": "",
    "status": "published"
  }
},
{
  "model": "catalog.medication",
  "pk": 56,
  "fields": {
    "tenant": null,
    "created_at": "2026-06-25T14:14:29.178Z",
    "updated_at": "2026-06-25T14:14:29.178Z",
    "generic_name": "Isoniazid",
    "brand_name": "Isovit",
    "drug_class": "Antitubercular",
    "description": "",
    "indications": "Tuberculosis (combination).",
    "dosage": "5 mg/kg PO daily",
    "side_effects": "",
    "warnings": "",
    "contraindications": "",
    "storage_information": "",
    "status": "published"
  }
},
{
  "model": "catalog.medication",
  "pk": 57,
  "fields": {
    "tenant": null,
    "created_at": "2026-06-25T14:14:29.179Z",
    "updated_at": "2026-06-25T14:14:29.179Z",
    "generic_name": "Levothyroxine",
    "brand_name": "Eltroxin",
    "drug_class": "Thyroid hormone",
    "description": "",
    "indications": "Hypothyroidism.",
    "dosage": "50-150 mcg PO daily",
    "side_effects": "",
    "warnings": "",
    "contraindications": "",
    "storage_information": "",
    "status": "published"
  }
},
{
  "model": "catalog.medication",
  "pk": 58,
  "fields": {
    "tenant": null,
    "created_at": "2026-06-25T14:14:29.179Z",
    "updated_at": "2026-06-25T14:14:29.179Z",
    "generic_name": "Amitriptyline",
    "brand_name": "Elavil",
    "drug_class": "Tricyclic antidepressant",
    "description": "",
    "indications": "Depression, neuropathic pain.",
    "dosage": "25-75 mg PO nocte",
    "side_effects": "",
    "warnings": "",
    "contraindications": "",
    "storage_information": "",
    "status": "published"
  }
},
{
  "model": "catalog.medication",
  "pk": 59,
  "fields": {
    "tenant": null,
    "created_at": "2026-06-25T14:14:29.180Z",
    "updated_at": "2026-06-25T14:14:29.180Z",
    "generic_name": "Fluoxetine",
    "brand_name": "Prozac",
    "drug_class": "SSRI antidepressant",
    "description": "",
    "indications": "Depression, anxiety disorders.",
    "dosage": "20 mg PO daily",
    "side_effects": "",
    "warnings": "",
    "contraindications": "",
    "storage_information": "",
    "status": "published"
  }
},
{
  "model": "catalog.medication",
  "pk": 60,
  "fields": {
    "tenant": null,
    "created_at": "2026-06-25T14:14:29.181Z",
    "updated_at": "2026-06-25T14:14:29.181Z",
    "generic_name": "Ferrous sulfate",
    "brand_name": "Feospan",
    "drug_class": "Oral iron",
    "description": "",
    "indications": "Iron-deficiency anaemia.",
    "dosage": "200 mg PO BID-TID",
    "side_effects": "",
    "warnings": "",
    "contraindications": "",
    "storage_information": "",
    "status": "published"
  }
},
{
  "model": "catalog.druginteraction",
  "pk": 17,
  "fields": {
    "tenant": null,
    "created_at": "2026-06-25T14:14:29.294Z",
    "updated_at": "2026-06-25T14:14:29.294Z",
    "medication_a": 49,
    "medication_b": 38,
    "severity": "major",
    "description": "Additive bleeding risk.",
    "recommendation": "Avoid unless specifically indicated; monitor closely."
  }
},
{
  "model": "catalog.druginteraction",
  "pk": 18,
  "fields": {
    "tenant": null,
    "created_at": "2026-06-25T14:14:29.296Z",
    "updated_at": "2026-06-25T14:14:29.296Z",
    "medication_a": 49,
    "medication_b": 37,
    "severity": "major",
    "description": "NSAIDs raise bleeding risk with anticoagulants.",
    "recommendation": "Avoid; prefer paracetamol."
  }
},
{
  "model": "catalog.druginteraction",
  "pk": 19,
  "fields": {
    "tenant": null,
    "created_at": "2026-06-25T14:14:29.298Z",
    "updated_at": "2026-06-25T14:14:29.298Z",
    "medication_a": 49,
    "medication_b": 33,
    "severity": "major",
    "description": "Ciprofloxacin potentiates warfarin, raising INR.",
    "recommendation": "Monitor INR closely; adjust dose."
  }
},
{
  "model": "catalog.druginteraction",
  "pk": 20,
  "fields": {
    "tenant": null,
    "created_at": "2026-06-25T14:14:29.301Z",
    "updated_at": "2026-06-25T14:14:29.301Z",
    "medication_a": 49,
    "medication_b": 35,
    "severity": "major",
    "description": "Metronidazole inhibits warfarin metabolism.",
    "recommendation": "Monitor INR; reduce warfarin dose."
  }
},
{
  "model": "catalog.druginteraction",
  "pk": 21,
  "fields": {
    "tenant": null,
    "created_at": "2026-06-25T14:14:29.303Z",
    "updated_at": "2026-06-25T14:14:29.303Z",
    "medication_a": 49,
    "medication_b": 55,
    "severity": "major",
    "description": "Rifampicin induces metabolism, reducing warfarin effect.",
    "recommendation": "Expect higher dose need; monitor INR."
  }
},
{
  "model": "catalog.druginteraction",
  "pk": 22,
  "fields": {
    "tenant": null,
    "created_at": "2026-06-25T14:14:29.304Z",
    "updated_at": "2026-06-25T14:14:29.304Z",
    "medication_a": 38,
    "medication_b": 37,
    "severity": "moderate",
    "description": "Ibuprofen can block aspirin's antiplatelet effect.",
    "recommendation": "Separate dosing; review need for both."
  }
},
{
  "model": "catalog.druginteraction",
  "pk": 23,
  "fields": {
    "tenant": null,
    "created_at": "2026-06-25T14:14:29.306Z",
    "updated_at": "2026-06-25T14:14:29.306Z",
    "medication_a": 37,
    "medication_b": 52,
    "severity": "moderate",
    "description": "Additive GI ulceration and bleeding risk.",
    "recommendation": "Add gastroprotection; limit duration."
  }
},
{
  "model": "catalog.druginteraction",
  "pk": 24,
  "fields": {
    "tenant": null,
    "created_at": "2026-06-25T14:14:29.307Z",
    "updated_at": "2026-06-25T14:14:29.307Z",
    "medication_a": 37,
    "medication_b": 44,
    "severity": "moderate",
    "description": "NSAIDs blunt ACE-inhibitor effect and risk renal impairment.",
    "recommendation": "Monitor BP and renal function."
  }
},
{
  "model": "catalog.druginteraction",
  "pk": 25,
  "fields": {
    "tenant": null,
    "created_at": "2026-06-25T14:14:29.308Z",
    "updated_at": "2026-06-25T14:14:29.308Z",
    "medication_a": 37,
    "medication_b": 47,
    "severity": "moderate",
    "description": "NSAIDs reduce diuretic efficacy and risk renal injury.",
    "recommendation": "Monitor fluid status and renal function."
  }
},
{
  "model": "catalog.druginteraction",
  "pk": 26,
  "fields": {
    "tenant": null,
    "created_at": "2026-06-25T14:14:29.309Z",
    "updated_at": "2026-06-25T14:14:29.310Z",
    "medication_a": 44,
    "medication_b": 45,
    "severity": "moderate",
    "description": "Dual RAAS blockade risks hyperkalaemia and renal failure.",
    "recommendation": "Avoid routine combination."
  }
},
{
  "model": "catalog.druginteraction",
  "pk": 27,
  "fields": {
    "tenant": null,
    "created_at": "2026-06-25T14:14:29.311Z",
    "updated_at": "2026-06-25T14:14:29.311Z",
    "medication_a": 44,
    "medication_b": 46,
    "severity": "minor",
    "description": "Risk of first-dose hypotension.",
    "recommendation": "Start low; monitor BP."
  }
},
{
  "model": "catalog.druginteraction",
  "pk": 28,
  "fields": {
    "tenant": null,
    "created_at": "2026-06-25T14:14:29.312Z",
    "updated_at": "2026-06-25T14:14:29.312Z",
    "medication_a": 59,
    "medication_b": 58,
    "severity": "major",
    "description": "Additive serotonergic effect and raised TCA levels.",
    "recommendation": "Avoid or reduce TCA dose; watch for toxicity."
  }
},
{
  "model": "catalog.druginteraction",
  "pk": 29,
  "fields": {
    "tenant": null,
    "created_at": "2026-06-25T14:14:29.314Z",
    "updated_at": "2026-06-25T14:14:29.314Z",
    "medication_a": 48,
    "medication_b": 32,
    "severity": "moderate",
    "description": "Increased statin exposure and myopathy risk.",
    "recommendation": "Monitor for muscle symptoms."
  }
},
{
  "model": "catalog.druginteraction",
  "pk": 30,
  "fields": {
    "tenant": null,
    "created_at": "2026-06-25T14:14:29.316Z",
    "updated_at": "2026-06-25T14:14:29.316Z",
    "medication_a": 33,
    "medication_b": 60,
    "severity": "moderate",
    "description": "Iron chelates ciprofloxacin, reducing absorption.",
    "recommendation": "Separate doses by at least 2 hours."
  }
},
{
  "model": "catalog.druginteraction",
  "pk": 31,
  "fields": {
    "tenant": null,
    "created_at": "2026-06-25T14:14:29.319Z",
    "updated_at": "2026-06-25T14:14:29.319Z",
    "medication_a": 52,
    "medication_b": 42,
    "severity": "moderate",
    "description": "Corticosteroids raise blood glucose, opposing hypoglycaemics.",
    "recommendation": "Monitor glucose; adjust antidiabetic dose."
  }
},
{
  "model": "catalog.specialty",
  "pk": 11,
  "fields": {
    "tenant": null,
    "created_at": "2026-06-25T14:14:29.185Z",
    "updated_at": "2026-06-25T14:14:29.185Z",
    "name": "Pulmonology",
    "description": "Pulmonology specialty.",
    "diseases": [
      31,
      32,
      36,
      37,
      38,
      46,
      59
    ]
  }
},
{
  "model": "catalog.specialty",
  "pk": 12,
  "fields": {
    "tenant": null,
    "created_at": "2026-06-25T14:14:29.193Z",
    "updated_at": "2026-06-25T14:14:29.193Z",
    "name": "Infectious Disease",
    "description": "Infectious Disease specialty.",
    "diseases": [
      32,
      33,
      38,
      41,
      42,
      43,
      44,
      45,
      46,
      56,
      57
    ]
  }
},
{
  "model": "catalog.specialty",
  "pk": 13,
  "fields": {
    "tenant": null,
    "created_at": "2026-06-25T14:14:29.202Z",
    "updated_at": "2026-06-25T14:14:29.203Z",
    "name": "Endocrinology",
    "description": "Endocrinology specialty.",
    "diseases": [
      34,
      54
    ]
  }
},
{
  "model": "catalog.specialty",
  "pk": 14,
  "fields": {
    "tenant": null,
    "created_at": "2026-06-25T14:14:29.207Z",
    "updated_at": "2026-06-25T14:14:29.207Z",
    "name": "Cardiology",
    "description": "Cardiology specialty.",
    "diseases": [
      35,
      39,
      40
    ]
  }
},
{
  "model": "catalog.specialty",
  "pk": 15,
  "fields": {
    "tenant": null,
    "created_at": "2026-06-25T14:14:29.233Z",
    "updated_at": "2026-06-25T14:14:29.233Z",
    "name": "Gastroenterology",
    "description": "Gastroenterology specialty.",
    "diseases": [
      42,
      47,
      58
    ]
  }
},
{
  "model": "catalog.specialty",
  "pk": 16,
  "fields": {
    "tenant": null,
    "created_at": "2026-06-25T14:14:29.254Z",
    "updated_at": "2026-06-25T14:14:29.254Z",
    "name": "Nephrology",
    "description": "Nephrology specialty.",
    "diseases": [
      48,
      53
    ]
  }
},
{
  "model": "catalog.specialty",
  "pk": 17,
  "fields": {
    "tenant": null,
    "created_at": "2026-06-25T14:14:29.257Z",
    "updated_at": "2026-06-25T14:14:29.257Z",
    "name": "Hematology",
    "description": "Hematology specialty.",
    "diseases": [
      49
    ]
  }
},
{
  "model": "catalog.specialty",
  "pk": 18,
  "fields": {
    "tenant": null,
    "created_at": "2026-06-25T14:14:29.260Z",
    "updated_at": "2026-06-25T14:14:29.260Z",
    "name": "Psychiatry",
    "description": "Psychiatry specialty.",
    "diseases": [
      50
    ]
  }
},
{
  "model": "catalog.specialty",
  "pk": 19,
  "fields": {
    "tenant": null,
    "created_at": "2026-06-25T14:14:29.263Z",
    "updated_at": "2026-06-25T14:14:29.263Z",
    "name": "Neurology",
    "description": "Neurology specialty.",
    "diseases": [
      51,
      55,
      57
    ]
  }
},
{
  "model": "catalog.specialty",
  "pk": 20,
  "fields": {
    "tenant": null,
    "created_at": "2026-06-25T14:14:29.266Z",
    "updated_at": "2026-06-25T14:14:29.266Z",
    "name": "Rheumatology",
    "description": "Rheumatology specialty.",
    "diseases": [
      52
    ]
  }
},
{
  "model": "catalog.procedure",
  "pk": 7,
  "fields": {
    "tenant": null,
    "created_at": "2026-06-25T14:14:29.337Z",
    "updated_at": "2026-06-25T14:14:29.337Z",
    "name": "Chest X-ray",
    "slug": "chest-x-ray",
    "description": "Plain radiograph of the chest.",
    "indications": "Suspected pneumonia, TB, heart failure.",
    "preparation": "",
    "risks": "",
    "recovery": "",
    "references": "",
    "status": "published",
    "diseases": [
      32,
      37,
      38
    ]
  }
},
{
  "model": "catalog.procedure",
  "pk": 8,
  "fields": {
    "tenant": null,
    "created_at": "2026-06-25T14:14:29.340Z",
    "updated_at": "2026-06-25T14:14:29.340Z",
    "name": "Electrocardiogram",
    "slug": "electrocardiogram",
    "description": "Records the heart's electrical activity.",
    "indications": "Chest pain, palpitations, arrhythmia.",
    "preparation": "",
    "risks": "",
    "recovery": "",
    "references": "",
    "status": "published",
    "diseases": [
      35,
      39
    ]
  }
},
{
  "model": "catalog.procedure",
  "pk": 9,
  "fields": {
    "tenant": null,
    "created_at": "2026-06-25T14:14:29.342Z",
    "updated_at": "2026-06-25T14:14:29.342Z",
    "name": "Upper GI Endoscopy",
    "slug": "upper-gi-endoscopy",
    "description": "Direct visualisation of upper GI tract.",
    "indications": "Suspected peptic ulcer, bleeding, reflux.",
    "preparation": "",
    "risks": "",
    "recovery": "",
    "references": "",
    "status": "published",
    "diseases": [
      58
    ]
  }
},
{
  "model": "catalog.procedure",
  "pk": 10,
  "fields": {
    "tenant": null,
    "created_at": "2026-06-25T14:14:29.343Z",
    "updated_at": "2026-06-25T14:14:29.343Z",
    "name": "Lumbar Puncture",
    "slug": "lumbar-puncture",
    "description": "CSF sampling from the lumbar spine.",
    "indications": "Suspected meningitis or CNS infection.",
    "preparation": "",
    "risks": "",
    "recovery": "",
    "references": "",
    "status": "published",
    "diseases": [
      57
    ]
  }
},
{
  "model": "catalog.procedure",
  "pk": 11,
  "fields": {
    "tenant": null,
    "created_at": "2026-06-25T14:14:29.345Z",
    "updated_at": "2026-06-25T14:14:29.345Z",
    "name": "Spirometry",
    "slug": "spirometry",
    "description": "Measures lung volumes and airflow.",
    "indications": "Diagnose and grade asthma and COPD.",
    "preparation": "",
    "risks": "",
    "recovery": "",
    "references": "",
    "status": "published",
    "diseases": [
      36,
      37
    ]
  }
},
{
  "model": "catalog.labtest",
  "pk": 10,
  "fields": {
    "tenant": null,
    "created_at": "2026-06-25T14:14:29.321Z",
    "updated_at": "2026-06-25T14:14:29.322Z",
    "name": "Full Blood Count",
    "slug": "full-blood-count",
    "description": "",
    "purpose": "Screen for anaemia, infection and clotting cells.",
    "preparation": "",
    "normal_range": "Hb 13-17 (M) / 12-15 (F)",
    "units": "g/dL",
    "references": "",
    "status": "published",
    "diseases": [
      33,
      49
    ]
  }
},
{
  "model": "catalog.labtest",
  "pk": 11,
  "fields": {
    "tenant": null,
    "created_at": "2026-06-25T14:14:29.324Z",
    "updated_at": "2026-06-25T14:14:29.324Z",
    "name": "Fasting Blood Glucose",
    "slug": "fasting-blood-glucose",
    "description": "",
    "purpose": "Diagnose and monitor diabetes.",
    "preparation": "",
    "normal_range": "3.9-5.5",
    "units": "mmol/L",
    "references": "",
    "status": "published",
    "diseases": [
      34
    ]
  }
},
{
  "model": "catalog.labtest",
  "pk": 12,
  "fields": {
    "tenant": null,
    "created_at": "2026-06-25T14:14:29.325Z",
    "updated_at": "2026-06-25T14:14:29.325Z",
    "name": "HbA1c",
    "slug": "hba1c",
    "description": "",
    "purpose": "Assess 3-month average glycaemic control.",
    "preparation": "",
    "normal_range": "<5.7",
    "units": "%",
    "references": "",
    "status": "published",
    "diseases": [
      34
    ]
  }
},
{
  "model": "catalog.labtest",
  "pk": 13,
  "fields": {
    "tenant": null,
    "created_at": "2026-06-25T14:14:29.327Z",
    "updated_at": "2026-06-25T14:14:29.327Z",
    "name": "Blood Pressure Measurement",
    "slug": "blood-pressure-measurement",
    "description": "",
    "purpose": "Assess arterial pressure.",
    "preparation": "",
    "normal_range": "<120/80",
    "units": "mmHg",
    "references": "",
    "status": "published",
    "diseases": [
      35
    ]
  }
},
{
  "model": "catalog.labtest",
  "pk": 14,
  "fields": {
    "tenant": null,
    "created_at": "2026-06-25T14:14:29.328Z",
    "updated_at": "2026-06-25T14:14:29.328Z",
    "name": "Sputum AFB Smear",
    "slug": "sputum-afb-smear",
    "description": "",
    "purpose": "Detect acid-fast bacilli for TB.",
    "preparation": "",
    "normal_range": "Negative",
    "units": "",
    "references": "",
    "status": "published",
    "diseases": [
      32
    ]
  }
},
{
  "model": "catalog.labtest",
  "pk": 15,
  "fields": {
    "tenant": null,
    "created_at": "2026-06-25T14:14:29.331Z",
    "updated_at": "2026-06-25T14:14:29.331Z",
    "name": "Malaria Rapid Diagnostic Test",
    "slug": "malaria-rdt",
    "description": "",
    "purpose": "Detect Plasmodium antigen.",
    "preparation": "",
    "normal_range": "Negative",
    "units": "",
    "references": "",
    "status": "published",
    "diseases": [
      33
    ]
  }
},
{
  "model": "catalog.labtest",
  "pk": 16,
  "fields": {
    "tenant": null,
    "created_at": "2026-06-25T14:14:29.333Z",
    "updated_at": "2026-06-25T14:14:29.333Z",
    "name": "Serum Creatinine",
    "slug": "serum-creatinine",
    "description": "",
    "purpose": "Assess renal function.",
    "preparation": "",
    "normal_range": "60-110",
    "units": "umol/L",
    "references": "",
    "status": "published",
    "diseases": [
      53
    ]
  }
},
{
  "model": "catalog.labtest",
  "pk": 17,
  "fields": {
    "tenant": null,
    "created_at": "2026-06-25T14:14:29.335Z",
    "updated_at": "2026-06-25T14:14:29.335Z",
    "name": "Thyroid Stimulating Hormone",
    "slug": "tsh",
    "description": "",
    "purpose": "Assess thyroid function.",
    "preparation": "",
    "normal_range": "0.4-4.0",
    "units": "mIU/L",
    "references": "",
    "status": "published",
    "diseases": [
      54
    ]
  }
},
{
  "model": "catalog.article",
  "pk": 7,
  "fields": {
    "tenant": null,
    "created_at": "2026-06-25T14:14:29.347Z",
    "updated_at": "2026-06-25T14:14:29.347Z",
    "title": "Understanding Hypertension",
    "slug": "understanding-hypertension",
    "summary": "Why blood pressure matters and how it is managed.",
    "body": "Most hypertension is symptomless; regular measurement and adherence to medication and lifestyle change prevent stroke, heart and kidney disease.",
    "references": "",
    "status": "published",
    "diseases": [
      35
    ],
    "medications": [
      43,
      44
    ]
  }
},
{
  "model": "catalog.article",
  "pk": 8,
  "fields": {
    "tenant": null,
    "created_at": "2026-06-25T14:14:29.351Z",
    "updated_at": "2026-06-25T14:14:29.351Z",
    "title": "Living with Type 2 Diabetes",
    "slug": "living-with-type-2-diabetes",
    "summary": "Daily management, diet and monitoring.",
    "body": "Consistent glucose control through diet, activity and medication prevents long-term complications affecting eyes, nerves and kidneys.",
    "references": "",
    "status": "published",
    "diseases": [
      34
    ],
    "medications": [
      40
    ]
  }
},
{
  "model": "catalog.article",
  "pk": 9,
  "fields": {
    "tenant": null,
    "created_at": "2026-06-25T14:14:29.354Z",
    "updated_at": "2026-06-25T14:14:29.354Z",
    "title": "Recognising an Asthma Attack",
    "slug": "recognising-an-asthma-attack",
    "summary": "Warning signs and reliever-inhaler use.",
    "body": "Increasing breathlessness, wheeze and reliever use signal worsening asthma; seek urgent help when a reliever no longer controls symptoms.",
    "references": "",
    "status": "published",
    "diseases": [
      36
    ],
    "medications": [
      50
    ]
  }
},
{
  "model": "catalog.article",
  "pk": 10,
  "fields": {
    "tenant": null,
    "created_at": "2026-06-25T14:14:29.356Z",
    "updated_at": "2026-06-25T14:14:29.356Z",
    "title": "Preventing Malaria",
    "slug": "preventing-malaria",
    "summary": "Bite avoidance, prophylaxis and early treatment.",
    "body": "Insecticide-treated nets, indoor spraying and prompt testing of any fever in endemic areas reduce malaria deaths.",
    "references": "",
    "status": "published",
    "diseases": [
      33
    ],
    "medications": [
      54
    ]
  }
},
{
  "model": "catalog.article",
  "pk": 11,
  "fields": {
    "tenant": null,
    "created_at": "2026-06-25T14:14:29.358Z",
    "updated_at": "2026-06-25T14:14:29.358Z",
    "title": "Completing TB Treatment",
    "slug": "completing-tb-treatment",
    "summary": "Why the full course matters.",
    "body": "Tuberculosis needs months of combination therapy; stopping early drives drug resistance and relapse. Directly observed therapy improves cure rates.",
    "references": "",
    "status": "published",
    "diseases": [
      32
    ],
    "medications": [
      55,
      56
    ]
  }
},
{
  "model": "governance.runtimeconfig",
  "pk": 1,
  "fields": {
    "mode": "dev",
    "updated_at": "2026-06-26T17:01:02.874Z"
  }
}
]
